department_id,institution_id,department_name,department_type,description,major_domains,official_url,source_url,source_type,last_verified,verification_status,data_status
DEPT001,INST001,Department of Environmental Science and Engineering,Academic & Research,"Established as Centre of Mining Environment; focuses on water treatment, air pollution, industrial waste remediation, and environmental monitoring.",Environmental Engineering;Water Quality;Mine Waste Management;Air Quality,https://www.iitism.ac.in/department/environmental-science-and-engineering,https://www.iitism.ac.in,official_portal,2026-09-07,verified,verified_real
DEPT002,INST001,Department of Applied Geology,Academic & Research,"Specializes in hydrogeology, groundwater exploration, remote sensing, and mineral resources.",Hydrogeology;Groundwater Hydrology;Remote Sensing;Mineralogy,https://www.iitism.ac.in/department/applied-geology,https://www.iitism.ac.in,official_portal,2026-09-07,verified,verified_real
DEPT003,INST001,Department of Computer Science and Engineering,Academic & Research,"Core computer science department focusing on AI, machine learning, IoT, image processing, and distributed systems.",AI/ML;Computer Vision;IoT;Cloud Platforms,https://www.iitism.ac.in/department/computer-science-and-engineering,https://www.iitism.ac.in,official_portal,2026-09-07,verified,verified_real
DEPT004,INST001,Department of Civil Engineering,Academic & Research,"Covers water resources engineering, structural dynamics, stormwater drainage, and pavement engineering.",Water Resources;Stormwater Drainage;Pavement Engineering;Geotechnical,https://www.iitism.ac.in/department/civil-engineering,https://www.iitism.ac.in,official_portal,2026-09-07,verified,verified_real
DEPT005,INST002,Department of Remote Sensing,Academic & Research,"Pioneering geospatial department offering M.Tech & Ph.D. in remote sensing, GIS applications in watershed, forestry, and disaster management.",Remote Sensing;GIS;Satellite Image Analysis;Disaster Mapping,https://www.bitmesra.ac.in/Show_Department_Section?cid=1&deptid=121,https://www.bitmesra.ac.in,official_portal,2026-09-07,verified,verified_real
DEPT006,INST002,Department of Civil and Environmental Engineering,Academic & Research,"Focuses on environmental hydraulics, wastewater remediation, solid waste management, and structural design.",Environmental Hydraulics;Wastewater Treatment;Solid Waste Management,https://www.bitmesra.ac.in/Show_Department_Section?cid=1&deptid=70,https://www.bitmesra.ac.in,official_portal,2026-09-07,verified,verified_real
DEPT007,INST002,Department of Computer Science and Engineering,Academic & Research,"Engaged in intelligent systems, machine learning, computer vision, and ubiquitous computing.",Artificial Intelligence;Computer Vision;NLP;Software Engineering,https://www.bitmesra.ac.in/Show_Department_Section?cid=1&deptid=75,https://www.bitmesra.ac.in,official_portal,2026-09-07,verified,verified_real
DEPT008,INST003,Department of Civil Engineering,Academic & Research,"Strong expertise in water resource engineering, hydrology, geotechnical soil mechanics, and transportation pavements.",Water Resources;Hydrology;Pavement Design;Geotechnical Engineering,https://www.nitjsr.ac.in/academic/departments/civil,https://www.nitjsr.ac.in,official_portal,2026-09-07,verified,verified_real
DEPT009,INST003,Department of Mechanical Engineering,Academic & Research,"Covers thermal engineering, robotics, rapid prototyping, and renewable energy conversion systems.",Robotics;Renewable Energy;Rapid Prototyping;Thermal Engineering,https://www.nitjsr.ac.in/academic/departments/mechanical,https://www.nitjsr.ac.in,official_portal,2026-09-07,verified,verified_real
DEPT010,INST004,Department of Chemical Engineering,Academic & Research,"Focuses on effluent treatment, industrial waste utilization, separation processes, and bio-energy.",Chemical Processing;Effluent Treatment;Waste Utilization,https://www.bitsindri.ac.in/index.php/departments/chemical-engg,https://www.bitsindri.ac.in,official_portal,2026-09-07,verified,verified_real
DEPT011,INST005,Department of Plant Pathology,Academic & Research,"Premier plateau research in fungal and viral crop infections, bio-pesticides, and disease monitoring for regional cultivars.",Crop Pathology;Plant Protection;Bio-control Agents,https://www.bauranchi.org/agriculture-faculty/,https://www.bauranchi.org,official_portal,2026-09-07,verified,verified_real
DEPT012,INST005,Department of Soil Science and Agricultural Chemistry,Academic & Research,"Dedicated to acid soil amelioration, micronutrient mapping, soil organic fertility, and watershed soil health.",Soil Science;Soil Health;Fertility Mapping;Acid Soil Reclamation,https://www.bauranchi.org/agriculture-faculty/,https://www.bauranchi.org,official_portal,2026-09-07,verified,verified_real
DEPT013,INST005,Department of Agricultural Engineering,Academic & Research,"Specializes in micro-irrigation, farm machinery, solar drying, and soil-water conservation structures.",Micro-Irrigation;Farm Mechanization;Post-Harvest Technologies,https://www.bauranchi.org/agriculture-faculty/,https://www.bauranchi.org,official_portal,2026-09-07,verified,verified_real
DEPT014,INST006,Department of Preventive and Social Medicine (PSM / Community Medicine),Clinical & Public Health,"Apex provincial department conducting rural health outreach, epidemiological surveys, and maternal & child health programs.",Community Medicine;Epidemiology;Maternal Health;Preventive Healthcare,https://www.rimsranchi.ac.in/departments.php,https://www.rimsranchi.ac.in,official_portal,2026-09-07,verified,verified_real
DEPT015,INST007,Department of Community and Family Medicine,Clinical & Public Health,"Conducts population health surveillance, rural primary healthcare models, and infectious disease tracking in Santhal Pargana division.",Family Medicine;Epidemiology;Rural Primary Health;Infectious Disease Surveillance,https://www.aiimsdeoghar.edu.in/departments,https://www.aiimsdeoghar.edu.in,official_portal,2026-09-07,verified,verified_real
DEPT016,INST008,Operations Management and Decision Sciences,Academic & Research,"Research in supply chain optimization, rural logistics, procurement networks, and operational analytics.",Supply Chain;Rural Operations;Analytics;Logistics,https://www.iimranchi.ac.in/faculty,https://www.iimranchi.ac.in,official_portal,2026-09-07,verified,verified_real
DEPT017,INST008,Economics and Public Policy,Academic & Research,"Focuses on developmental economics, tribal livelihood evaluation, agricultural market reforms, and public policy impact.",Public Policy;Econometrics;Livelihood Economics;Rural Development,https://www.iimranchi.ac.in/faculty,https://www.iimranchi.ac.in,official_portal,2026-09-07,verified,verified_real
DEPT018,INST009,Department of Computer Science and Engineering,Academic & Research,"Focuses on deep learning, speech recognition, vernacular NLP, and distributed edge computing.",Deep Learning;NLP;Speech Technologies;Computer Vision,https://www.iiitranchi.ac.in/faculty,https://www.iiitranchi.ac.in,official_portal,2026-09-07,verified,verified_real
DEPT019,INST009,Department of Electronics and Communication Engineering,Academic & Research,"Engaged in IoT sensor nodes, embedded firmware, biomedical telemetry, and low-power wireless communication.",IoT;Embedded Systems;Wireless Sensor Networks;Sensors,https://www.iiitranchi.ac.in/faculty,https://www.iiitranchi.ac.in,official_portal,2026-09-07,verified,verified_real
DEPT020,INST010,Department of Environmental Sciences,Academic & Research,"Conducts research on ecological restoration, air pollution assessment, phytoremediation, and tribal environmental sustainability.",Environmental Science;Bioremediation;Air Quality;Ecological Restoration,https://www.cuj.ac.in/DES.php,https://www.cuj.ac.in,official_portal,2026-09-07,verified,verified_real
DEPT021,INST010,Department of Energy Engineering,Academic & Research,"Specializes in solar energy engineering, biomass gasification, and rural mini-grid integration.",Solar PV;Bio-Energy;Energy Storage;Microgrid,https://www.cuj.ac.in/DEE.php,https://www.cuj.ac.in,official_portal,2026-09-07,verified,verified_real
